{"mode": "live", "entry": 99785.68, "qty": 0.022440000000000015, "stop": 99760.84499999999, "tp": 99835.34999999999}